<?xml version="1.0" encoding="UTF-8"?>
<!DOCTYPE suite SYSTEM "http://testng.org/testng-1.0.dtd">
<suite name="Suite">
  <test thread-count="5" name="Test">
    <classes>
      <class name="coalAdminPages.OperationWorkCenter"/>
      <class name="adminTestCases.LoginTC"/>
      <class name="adminTestCases.ProductFamilyGroupTC"/>
      <class name="utilis.Reports"/>
      <class name="adminTestCases.BaseMasterTC"/>
      <class name="coalAdminPages.ProductFamilyGroup"/>
    </classes>
  </test> <!-- Test -->
</suite> <!-- Suite -->
